cluster_name,x,y
0,0.8171334740499241,0.4536708150427318
1,0.49391262066248653,0.449418620934541
2,0.6283202970808686,0.8206548479665341
3,0.1556046448567009,0.49478853621817137
4,0.5186810352371203,0.14912419237726993
5,0.11891088250604182,0.8286289207974168
6,0.17729778176377486,0.15930032052456677
7,0.8801312693926611,0.7802745772293178
8,0.853041106717779,0.1499666047706832
9,0.3651577686261557,0.812923718022688
